{
  "gross_reduction": {
    "1": 251.84,
    "2": 348.16,
    "3": 427.20000000000005
  },
  "rfp_cost": {
    "1": 120,
    "2": 90,
    "3": 60
  },
  "vmo_opex": {
    "1": 80,
    "2": 80,
    "3": 80
  },
  "net_cf": {
    "0": -170,
    "1": 51.84,
    "2": 178.16000000000003,
    "3": 287.20000000000005
  },
  "discount_factor": {
    "0": 1.0,
    "1": 0.9433962264150942,
    "2": 0.8899964400142398,
    "3": 0.8396192830323018
  },
  "discounted_cf": {
    "0": -170.0,
    "1": 48.90566037735849,
    "2": 158.561765752937,
    "3": 241.13865808687711
  },
  "cumulative_npv": {
    "0": -170.0,
    "1": -121.09433962264151,
    "2": 37.46742613029548,
    "3": 278.60608421717257
  },
  "cumulative_cf_undiscounted": {
    "0": -170.0,
    "1": -118.16,
    "2": 60.00000000000003,
    "3": 347.20000000000005
  },
  "npv": 278.60608421717257,
  "irr": 0.6089286482718309,
  "pi": 2.6388593189245446,
  "payback_years": 1.7637045352492142
}